X,Y,Z
-34.89671465597655,-8.045791467914942,9.0
-34.896803592380735,-8.045791467914942,9.0
-34.89689252878491,-8.045791467914942,9.0
-34.89660904399659,-8.045791467914942,10.0
-34.8966156513002,-8.045782606418355,10.0
-34.89662571957238,-8.045770119764072,10.0
-34.89666524686312,-8.045747980940947,10.0
-34.89669242187551,-8.04573276050005,10.0
-34.89671465597655,-8.045720307412042,10.0
-34.896722741104206,-8.045720307412042,10.0
-34.89679550725308,-8.045720307412042,10.0
-34.896803592380735,-8.045720307412042,10.0
-34.89681167750838,-8.045720307412042,10.0
-34.89688444365726,-8.045720307412042,10.0
-34.89689252878491,-8.045720307412042,10.0
-34.89690523398551,-8.045724373726493,10.0
-34.896951819721025,-8.045739283546148,10.0
-34.896981465189086,-8.045748771613201,10.0
-34.89700883023653,-8.045767382821653,10.0
-34.89704075612521,-8.045791467914942,10.0
-34.89655345874398,-8.045791467914942,11.0
-34.89658209039297,-8.045753068096396,11.0
-34.89658619228163,-8.045747980940947,11.0
-34.89661386138515,-8.04571319136175,11.0
-34.89661874416812,-8.045707052024246,11.0
-34.89662571957238,-8.045698959261172,11.0
-34.89666524686312,-8.045678401782556,11.0
-34.896671389617765,-8.045675110876415,11.0
-34.89671465597655,-8.045654483946858,11.0
-34.8967368900776,-8.045654483946858,11.0
-34.89678135827969,-8.045654483946858,11.0
-34.896803592380735,-8.045654483946858,11.0
-34.89682582648177,-8.045654483946858,11.0
-34.896870294683865,-8.045654483946858,11.0
-34.89689252878491,-8.045654483946858,11.0
-34.89692391810403,-8.045662541827333,11.0
-34.89694466391839,-8.045667305106432,11.0
-34.896981465189086,-8.045677611110301,11.0
-34.89700550205508,-8.045692035536565,11.0
-34.897037050441696,-8.04571319136175,11.0
-34.89705597947367,-8.045725884856862,11.0
-34.89707040159327,-8.045736674327708,11.0
-34.89710405320566,-8.04576184975968,11.0
-34.89713957435207,-8.045791467914942,11.0
-34.89649527951291,-8.045791467914942,12.0
-34.896511372767,-8.045769103185458,12.0
-34.896536783168195,-8.045736674327708,12.0
-34.89654724627457,-8.045722400368009,12.0
-34.896554570449034,-8.04571319136175,12.0
-34.89658386714688,-8.04567635533672,12.0
-34.896600309171184,-8.045657279538043,12.0
-34.896619366972075,-8.045634914808561,12.0
-34.89662208951506,-8.045631719847206,12.0
-34.89662571957238,-8.04562779875827,12.0
-34.89664350685321,-8.045619259497922,12.0
-34.896678035104244,-8.045602683286658,12.0
-34.89671465597655,-8.04558510245653,12.0
-34.89674699648717,-8.04558510245653,12.0
-34.89677125187012,-8.04558510245653,12.0
-34.896803592380735,-8.04558510245653,12.0
-34.89683593289134,-8.04558510245653,12.0
-34.896860188274296,-8.04558510245653,12.0
-34.89689252878491,-8.04558510245653,12.0
-34.896936996987,-8.045595776531965,12.0
-34.896936996987,-8.045595776531965,12.0
-34.896981465189086,-8.0456064506074,12.0
-34.89700179351004,-8.045617023024974,12.0
-34.89703228599147,-8.045634914808561,12.0
-34.89705515535255,-8.04564833364625,12.0
-34.89707040159327,-8.045658397774519,12.0
-34.89710597615494,-8.045681880740474,12.0
-34.897148220946924,-8.04571319136175,12.0
-34.89715425591721,-8.045717664307649,12.0
-34.897159337997444,-8.04572188875655,12.0
-34.897159337997444,-8.045634914808561,13.0
-34.897108132188976,-8.045601706573875,13.0
-34.89707040159327,-8.045580121221327,13.0
-34.89705423133796,-8.04557087035595,13.0
-34.89702593339118,-8.04555663825537,13.0
-34.897022512760245,-8.045520510615436,13.0
-34.897022512760245,-8.045514489342114,13.0
-34.897019580790875,-8.045478361702179,13.0
-34.89701481634066,-8.045449007994733,13.0
-34.89701481634066,-8.045429438856436,13.0
-34.89701111065715,-8.045400085148989,13.0
-34.89700814611034,-8.045376602183032,13.0
-34.89700369929013,-8.045341377734095,13.0
-34.89700122883446,-8.045321808595798,13.0
-34.8970001886426,-8.045305329321442,13.0
-34.896993323376314,-8.045253968916366,13.0
-34.89699258223961,-8.045243532042608,13.0
-34.89699258223961,-8.045233747473459,13.0
-34.896981465189086,-8.045165255489417,13.0
-34.89692810334658,-8.045196566110693,13.0
-34.89689252878491,-8.045204393766012,13.0
-34.89688067059769,-8.045233095168848,13.0
-34.89687770605088,-8.045243532042608,13.0
-34.896870294683865,-8.045263101180906,13.0
-34.896859177633345,-8.04529245488835,13.0
-34.89684806058282,-8.045321808595798,13.0
-34.8968369435323,-8.045351162303245,13.0
-34.896803592380735,-8.045400085148989,13.0
-34.89675570354771,-8.045436212788923,13.0
-34.89671465597655,-8.045458792563881,13.0
-34.89670576233613,-8.04547053404686,13.0
-34.89669983324252,-8.045478361702179,13.0
-34.89666614521064,-8.04551394195363,13.0
-34.89662571957238,-8.04555663825537,13.0
-34.89658578894193,-8.04559977023366,13.0
-34.89655584096909,-8.045634914808561,13.0
-34.89654767334014,-8.045644499692624,13.0
-34.896536783168195,-8.045658397774519,13.0
-34.896510291473334,-8.045689874941651,13.0
-34.89649231496611,-8.04571319136175,13.0
-34.89647433845888,-8.04573650778185,13.0
-34.89644784676402,-8.045774073125344,13.0
-34.89644073185168,-8.045785205790686,13.0
-34.89643738365765,-8.045791467914942,13.0
-34.897159337997444,-8.045126117212822,14.0
-34.897138411784695,-8.045146837476901,14.0
-34.89712969252938,-8.045165255489417,14.0
-34.89711225401876,-8.045202091514447,14.0
-34.89711144916443,-8.045207404402673,14.0
-34.89710004706132,-8.045243532042608,14.0
-34.89710004706132,-8.045269624227004,14.0
-34.89710004706132,-8.0452957164114,14.0
-34.89710004706132,-8.045321808595798,14.0
-34.89710597615494,-8.045353119217074,14.0
-34.89710784850029,-8.045367126600278,14.0
-34.89711486979535,-8.045400085148989,14.0
-34.89712376343577,-8.045431395770265,14.0
-34.89712969252938,-8.045452269517783,14.0
-34.8971371038964,-8.045478361702179,14.0
-34.89714155071661,-8.045494017012818,14.0
-34.897159337997444,-8.045530546070973,14.0
-34.897159337997444,-8.044966006081296,14.0
-34.89712376343577,-8.044961736451121,14.0
-34.897097766640705,-8.044954510923134,14.0
-34.89707040159327,-8.044949994968142,14.0
-34.89705063794789,-8.044947820619443,14.0
-34.896981465189086,-8.044930425829845,14.0
-34.896914762885956,-8.044949994968142,14.0
-34.89689252878491,-8.044956518014242,14.0
-34.89685695422324,-8.04497739176176,14.0
-34.89682582648177,-8.044989133244739,14.0
-34.896803592380735,-8.044998917813887,14.0
-34.896795858780365,-8.045001895726237,14.0
-34.896773946912674,-8.045008702383036,14.0
-34.89676801781906,-8.045040013004312,14.0
-34.89676406508998,-8.04505218935703,14.0
-34.896759124178644,-8.045086978936226,14.0
-34.89674699648717,-8.045115443137387,14.0
-34.896740066377745,-8.045142890759934,14.0
-34.89673244325739,-8.045165255489417,14.0
-34.89673082623186,-8.045179487589998,14.0
-34.89673082623186,-8.045229299942028,14.0
-34.89672947871058,-8.045243532042608,14.0
-34.89672511908293,-8.045252741048865,14.0
-34.89671465597655,-8.045269624227004,14.0
-34.89669489233118,-8.0453044138062,14.0
-34.89668501050849,-8.045321808595798,14.0
-34.896658060082984,-8.04535027279696,14.0
-34.89662571957238,-8.04538442983835,14.0
-34.896619366972075,-8.045394493966619,14.0
-34.89661682593196,-8.045400085148989,14.0
-34.896612037048655,-8.045412127695634,14.0
-34.896595051846795,-8.045451369787287,14.0
-34.896585293934116,-8.045478361702179,14.0
-34.896572357729866,-8.045509672323456,14.0
-34.896566428636255,-8.045530546070973,14.0
-34.896557306953774,-8.04555663825537,14.0
-34.89654813675171,-8.04556663100684,14.0
-34.896536783168195,-8.045580121221327,14.0
-34.89650911406468,-8.045610562103123,14.0
-34.89648889433518,-8.045634914808561,14.0
-34.89647156313847,-8.045655788556077,14.0
-34.89644784676402,-8.045687099177353,14.0
-34.89643649318051,-8.04570319861028,14.0
-34.89643005948319,-8.04571319136175,14.0
-34.89640973116223,-8.045746738455975,14.0
-34.89640515729001,-8.04575389516941,14.0
-34.896385068125774,-8.045791467914942,14.0
-34.89586571757304,-8.045008702383036,14.0
-34.89585398109741,-8.045033952884065,14.0
-34.89582529193477,-8.045073932844028,14.0
-34.895795646466716,-8.045060886751829,14.0
-34.89577588282134,-8.04505218935703,14.0
-34.895736355530595,-8.045034794567433,14.0
-34.895716591885225,-8.045026097172634,14.0
-34.89567706459448,-8.045008702383036,14.0
-34.895725575360395,-8.044999214315983,14.0
-34.895736355530595,-8.044997520018294,14.0
-34.8957525257859,-8.044994470282456,14.0
-34.89579913416884,-8.044985679867391,14.0
-34.89582529193477,-8.044980746471182,14.0
-34.89584344222134,-8.044992727576263,14.0
-34.89586571757304,-8.045008702383036,14.0
-34.897159337997444,-8.044897810599348,15.0
-34.89712042832062,-8.044886395268675,15.0
-34.89710004706132,-8.044878241461051,15.0
-34.89707040159327,-8.044867804587293,15.0
-34.897057225829684,-8.044863745803053,15.0
-34.8970348270316,-8.044852149276654,15.0
-34.897001988974665,-8.044834085456687,15.0
-34.896981465189086,-8.04481860218243,15.0
-34.89695007586997,-8.044824522257882,15.0
-34.89691229243028,-8.044834754487058,15.0
-34.89689252878491,-8.044839103184456,15.0
-34.89688594090312,-8.044846351013454,15.0
-34.89687770605088,-8.044852149276654,15.0
-34.89683653178969,-8.04488114059265,15.0
-34.896803592380735,-8.044901072122398,15.0
-34.89678382873536,-8.044913031040247,15.0
-34.8967368900776,-8.044930425829845,15.0
-34.89672177088889,-8.0449366879541,15.0
-34.89671465597655,-8.044939123224644,15.0
-34.89667619699096,-8.044974853062737,15.0
-34.89663560139506,-8.045008702383036,15.0
-34.89663508129913,-8.045016942020213,15.0
-34.89662571957238,-8.045086978936226,15.0
-34.89661860466004,-8.045158993365161,15.0
-34.89661682593196,-8.045165255489417,15.0
-34.89661301437178,-8.045176437854158,15.0
-34.896601464189416,-8.045222183891738,15.0
-34.89659236842081,-8.045243532042608,15.0
-34.89657720880646,-8.045279112294057,15.0
-34.896572357729866,-8.045290497974522,15.0
-34.89655901726924,-8.045321808595798,15.0
-34.896551605902225,-8.045334854687997,15.0
-34.896536783168195,-8.045373992964592,15.0
-34.89652869804055,-8.0453929690987,15.0
-34.89652690134551,-8.045400085148989,15.0
-34.8965240779676,-8.04541126751373,15.0
-34.89650941812076,-8.04545427660889,15.0
-34.89650444265759,-8.045478361702179,15.0
-34.896494930742705,-8.04551519772721,15.0
-34.896493848352385,-8.045518849574519,15.0
-34.896484903599095,-8.04555663825537,15.0
-34.896468529648715,-8.04557484210495,15.0
-34.89644784676402,-8.045600125229365,15.0
-34.89643167650871,-8.04562068270798,15.0
-34.896422436362826,-8.045634914808561,15.0
-34.89639843765059,-8.045669704387757,15.0
-34.89638627540728,-8.045689106268462,15.0
-34.896370768547065,-8.04571319136175,15.0
-34.89636664396021,-8.04571999801855,15.0
-34.896358910359844,-8.045735556091234,15.0
-34.89633957635893,-8.045774451272944,15.0
-34.896332752593906,-8.045791467914942,15.0
-34.89592312197937,-8.045086978936226,15.0
-34.895921961939315,-8.045093785593025,15.0
-34.89591422833895,-8.045113071120623,15.0
-34.89589644105811,-8.045149600178778,15.0
-34.89588458287089,-8.045165255489417,15.0
-34.895857632445384,-8.045193719690577,15.0
-34.89582529193477,-8.045217439858211,15.0
-34.895785764644025,-8.045200045068613,15.0
-34.895766000998655,-8.045191347673814,15.0
-34.895736355530595,-8.045178301581615,15.0
-34.89572699380384,-8.045173495126594,15.0
-34.89571412142955,-8.045165255489417,15.0
-34.89567550430668,-8.045140536577883,15.0
-34.89564741912642,-8.045126117212822,15.0
-34.89561777365836,-8.045113071120623,15.0
-34.89555848272224,-8.045086978936226,15.0
-34.89553444585624,-8.045029858208222,15.0
-34.89552883725418,-8.045008702383036,15.0
-34.8955399543047,-8.044992394767787,15.0
-34.89555848272224,-8.044973122131585,15.0
-34.89559659832403,-8.04496397292407,15.0
-34.89561184456475,-8.044961736451121,15.0
-34.89564741912642,-8.044954510923134,15.0
-34.89567037045653,-8.04495062623067,15.0
-34.89572088832987,-8.044944039143443,15.0
-34.895736355530595,-8.044941608194586,15.0
-34.89574681863697,-8.044939634836103,15.0
-34.895795646466716,-8.044930425829845,15.0
-34.895820731093536,-8.04492641164763,15.0
-34.89582529193477,-8.044925821326716,15.0
-34.8958287125657,-8.044927415193184,15.0
-34.89583418557519,-8.044930425829845,15.0
-34.895880167588416,-8.044960404084259,15.0
-34.89591422833895,-8.044984617289746,15.0
-34.89592845816362,-8.044996178134525,15.0
-34.89594159338639,-8.045008702383036,15.0
-34.895938762519414,-8.04503029591495,15.0
-34.89592469144532,-8.045077769929968,15.0
-34.89592312197937,-8.045086978936226,15.0
-34.897159337997444,-8.044832580138356,16.0
-34.897116071638656,-8.0448119532088,16.0
-34.89710597615494,-8.04480518334474,16.0
-34.89707040159327,-8.044782570118263,16.0
-34.89706447249965,-8.044779091160343,16.0
-34.89705769639267,-8.044773872723464,16.0
-34.89701703975076,-8.044742562102188,16.0
-34.896981465189086,-8.044706778535016,16.0
-34.896966642455055,-8.044708642262473,16.0
-34.896914762885956,-8.04471516530857,16.0
-34.89689252878491,-8.044717960899757,16.0
-34.89686383962227,-8.044748622222436,16.0
-34.89684311967148,-8.044773872723464,16.0
-34.896825152721135,-8.04479284885757,16.0
-34.896803592380735,-8.04480866230266,16.0
-34.89677664195522,-8.044828429109021,16.0
-34.896740066377745,-8.044852149276654,16.0
-34.89672543614676,-8.044861637343708,16.0
-34.89671465597655,-8.044866381377235,16.0
-34.89667742678411,-8.044897658900602,16.0
-34.8966346132128,-8.044930425829845,16.0
-34.89663028041362,-8.04493444001206,16.0
-34.89662571957238,-8.044938253485164,16.0
-34.89659493389401,-8.044981606653085,16.0
-34.896575692845026,-8.045008702383036,16.0
-34.89657043478059,-8.045038320538296,16.0
-34.896562193569395,-8.045064614206744,16.0
-34.896557306953774,-8.045086978936226,16.0
-34.89655399666578,-8.045102129236843,16.0
-34.896536783168195,-8.04514568635112,16.0
-34.89653104533567,-8.04516020538921,16.0
-34.89652788952778,-8.045165255489417,16.0
-34.89651899588736,-8.045180910800054,16.0
-34.8965025768589,-8.045213425675996,16.0
-34.896481197915584,-8.045243532042608,16.0
-34.89647104756511,-8.045263952013006,16.0
-34.89644784676402,-8.0453022394575,16.0
-34.896437964941335,-8.045313111200999,16.0
-34.89643302402999,-8.045321808595798,16.0
-34.89643167650871,-8.045336040696379,16.0
-34.89642413038957,-8.045379211401471,16.0
-34.896422436362826,-8.045400085148989,16.0
-34.896422436362826,-8.045422449878473,16.0
-34.89641820129596,-8.045452269517783,16.0
-34.89641820129596,-8.045478361702179,16.0
-34.8964164574449,-8.045505988720953,16.0
-34.89641227220235,-8.045525327634094,16.0
-34.89641078992894,-8.04555663825537,16.0
-34.8963900381013,-8.045584035048988,16.0
-34.896358910359844,-8.045634914808561,16.0
-34.896325817744334,-8.045684065202424,16.0
-34.89631147761094,-8.04571319136175,16.0
-34.89629961942372,-8.045739283546148,16.0
-34.89628614421097,-8.045777235814361,16.0
-34.89628043706204,-8.045791467914942,16.0
-34.89625885690514,-8.04430421340432,16.0
-34.89626641649949,-8.044307344466448,16.0
-34.89626997395566,-8.0443094318412,16.0
-34.89628614421097,-8.044318445504901,16.0
-34.896322423629925,-8.04433632686204,16.0
-34.896358910359844,-8.044366834646873,16.0
-34.896375080615144,-8.04436825785693,16.0
-34.89644784676402,-8.044382489957512,16.0
-34.89650584876674,-8.044355263330313,16.0
-34.896536783168195,-8.044337760498545,16.0
-34.89655998396929,-8.044324633374718,16.0
-34.896590145010705,-8.04430421340432,16.0
-34.896014281793654,-8.045165255489417,16.0
-34.896015869943724,-8.045176437854158,16.0
-34.89600316474313,-8.045243532042608,16.0
-34.89594387380701,-8.045269624227004,16.0
-34.89591422833895,-8.045278321621803,16.0
-34.89587556033713,-8.045287775311802,16.0
-34.89586273884179,-8.045288850047086,16.0
-34.89582529193477,-8.0452957164114,16.0
-34.89579141139985,-8.045291988956487,16.0
-34.89577023606552,-8.045291988956487,16.0
-34.895736355530595,-8.045287019016602,16.0
-34.89569400486194,-8.045280806591746,16.0
-34.895686946417165,-8.045278321621803,16.0
-34.89564741912642,-8.045269624227004,16.0
-34.89562370275197,-8.045264405790125,16.0
-34.8955881281903,-8.045243532042608,16.0
-34.89556959977276,-8.045233747473459,16.0
-34.89555848272224,-8.04522787673197,16.0
-34.895527548320786,-8.045192482116613,16.0
-34.89551401452015,-8.045165255489417,16.0
-34.89549919178612,-8.04513916330502,16.0
-34.89549178041911,-8.045106548074523,16.0
-34.89548436905209,-8.045086978936226,16.0
-34.895481021983116,-8.045076878735815,16.0
-34.89546954631806,-8.045008702383036,16.0
-34.89550067405953,-8.044957822623461,16.0
-34.89552614221163,-8.044930425829845,16.0
-34.89554301552151,-8.044916812516247,16.0
-34.89555848272224,-8.044909552082327,16.0
-34.89558584776968,-8.044906340736556,16.0
-34.89561602980729,-8.044902798811073,16.0
-34.89564741912642,-8.044899115208569,16.0
-34.895686946417165,-8.044895636250649,16.0
-34.89569569888869,-8.044894642262673,16.0
-34.895736355530595,-8.04489128755325,16.0
-34.89577481451619,-8.044885998596953,16.0
-34.89578849066408,-8.044884539574527,16.0
-34.89582529193477,-8.044879776295428,16.0
-34.895862918875004,-8.044897308826572,16.0
-34.89589940560492,-8.044917379737647,16.0
-34.89591422833895,-8.044925207392966,16.0
-34.895917716041076,-8.044927356161093,16.0
-34.895922313466606,-8.044930425829845,16.0
-34.895964496741314,-8.04496445911384,16.0
-34.89600316474313,-8.045001586332745,16.0
-34.89600703154331,-8.045005299054637,16.0
-34.89601057611014,-8.045008702383036,16.0
-34.89601124987078,-8.045015818433326,16.0
-34.89601124987078,-8.045079862885936,16.0
-34.89601205838355,-8.045086978936226,16.0
-34.89601304656581,-8.045095676331025,16.0
-34.89601304656581,-8.045156558094618,16.0
-34.896014281793654,-8.045165255489417,16.0
-34.897159337997444,-8.044766045068146,17.0
-34.897116071638656,-8.044733676655609,17.0
-34.89707040159327,-8.044695596170273,17.0
-34.89703023676557,-8.044652670318523,17.0
-34.89699258223961,-8.044617319617084,17.0
-34.89698720302162,-8.044612269516877,17.0
-34.896981465189086,-8.044607535047934,17.0
-34.896966642455055,-8.044604273524884,17.0
-34.896914762885956,-8.044597750478784,17.0
-34.89689252878491,-8.044591227432687,17.0
-34.896873805331396,-8.044600840342726,17.0
-34.89685695422324,-8.044617319617084,17.0
-34.896831677560996,-8.044642038528616,17.0
-34.896803592380735,-8.044695596170273,17.0
-34.89676679111004,-8.044741482425591,17.0
-34.8967368900776,-8.044773872723464,17.0
-34.89672482013703,-8.044782818615257,17.0
-34.89671465597655,-8.044789528034102,17.0
-34.89668156336104,-8.044823023117328,17.0
-34.89664997495533,-8.044852149276654,17.0
-34.8966375777596,-8.044862586150414,17.0
-34.89662571957238,-8.044871718414953,17.0
-34.89659713287103,-8.044905265509177,17.0
-34.896575692845026,-8.044930425829845,17.0
-34.896560727584706,-8.044951500286473,17.0
-34.896536783168195,-8.044985219417079,17.0
-34.896526521275405,-8.044999670473052,17.0
-34.896520107592416,-8.045008702383036,17.0
-34.896511372767,-8.045031067112518,17.0
-34.896503131555804,-8.045057360780966,17.0
-34.89648889433518,-8.045086978936226,17.0
-34.896476691003215,-8.04511236592645,17.0
-34.89644784676402,-8.045154073124676,17.0
-34.89644125888223,-8.045159457226218,17.0
-34.89643302402999,-8.045165255489417,17.0
-34.89639311666914,-8.04519536185603,17.0
-34.896358910359844,-8.045214178335161,17.0
-34.896320794758054,-8.045209984948382,17.0
-34.89630808955745,-8.045209984948382,17.0
-34.89626997395566,-8.045204393766012,17.0
-34.896236622804096,-8.045194609196864,17.0
-34.896181037551486,-8.045165255489417,17.0
-34.896136569349395,-8.045126117212822,17.0
-34.89610988842814,-8.045086978936226,17.0
-34.89610256425368,-8.045077769929968,17.0
-34.89609210114731,-8.045047840659631,17.0
-34.896085259885446,-8.045014723656358,17.0
-34.896084689780295,-8.045008702383036,17.0
-34.89604569954513,-8.04497126577064,17.0
-34.89600316474313,-8.044930425829845,17.0
-34.895952593062326,-8.044896659473567,17.0
-34.89591422833895,-8.044873023024172,17.0
-34.89589940560492,-8.044865195368853,17.0
-34.89586976013686,-8.044852149276654,17.0
-34.89583981216403,-8.044839369431235,17.0
-34.89582529193477,-8.04483373126414,17.0
-34.8958055282894,-8.044834754487058,17.0
-34.89574906073119,-8.044840966911913,17.0
-34.895736355530595,-8.044841712402896,17.0
-34.895725238480075,-8.044842364707506,17.0
-34.895653771726714,-8.044846558094283,17.0
-34.89564741912642,-8.044846930839775,17.0
-34.89564202904132,-8.044847405243129,17.0
-34.89560295092433,-8.044852149276654,17.0
-34.895563714275426,-8.044856753779783,17.0
-34.89555848272224,-8.044857367713535,17.0
-34.89554577752164,-8.044863331641396,17.0
-34.89550093563718,-8.044879776295428,17.0
-34.89546954631806,-8.044904333645448,17.0
-34.896230446664916,-8.045791467914942,17.0
-34.89623688134016,-8.045762341755616,17.0
-34.89624677315457,-8.04573361133215,17.0
-34.89625218667483,-8.04571319136175,17.0
-34.89625555183607,-8.045700497866639,17.0
-34.89626997395566,-8.045666225429837,17.0
-34.89627958870206,-8.045643377138635,17.0
-34.89628479668969,-8.045634914808561,17.0
-34.89629961942372,-8.045608822624164,17.0
-34.89630888363249,-8.04559088424739,17.0
-34.896332229438585,-8.04555663825537,17.0
-34.89632333579817,-8.045525327634094,17.0
-34.89632146345282,-8.045511320250892,17.0
-34.89630808955745,-8.045478361702179,17.0
-34.89629961942372,-8.045452269517783,17.0
-34.89626997395566,-8.045400085148989,17.0
-34.89622056484223,-8.045365295569793,17.0
-34.896181037551486,-8.045347900780195,17.0
-34.896157321177036,-8.045342682343316,17.0
-34.89611581752175,-8.045342682343316,17.0
-34.89609210114731,-8.045339203385396,17.0
-34.896072337501934,-8.045339203385396,17.0
-34.89602742012609,-8.045343156746668,17.0
-34.89600316474313,-8.045343156746668,17.0
-34.895977754341935,-8.045344173325281,17.0
-34.89594489606453,-8.045348800510691,17.0
-34.89591422833895,-8.045349764507652,17.0
-34.89588246533746,-8.045349764507652,17.0
-34.89585864308634,-8.045351162303245,17.0
-34.89582529193477,-8.045351162303245,17.0
-34.895785764644025,-8.045356598174994,17.0
-34.89577588282134,-8.045356598174994,17.0
-34.895736355530595,-8.045364504897538,17.0
-34.8957045925291,-8.045372129237135,17.0
-34.89566224186045,-8.045400085148989,17.0
-34.89565355267153,-8.045405483531967,17.0
-34.89564741912642,-8.045413131241187,17.0
-34.895615656124924,-8.045450405790326,17.0
-34.89560699348815,-8.045478361702179,17.0
-34.89559528399293,-8.045510752000052,17.0
-34.89559405728391,-8.045525327634094,17.0
-34.89558627534854,-8.04555663825537,17.0
-34.89557663300881,-8.045572613062143,17.0
-34.89555848272224,-8.04559221850682,17.0
-34.89552883725418,-8.045582730439767,17.0
-34.89549380170102,-8.04557798640624,17.0
-34.89546954631806,-8.045572293566009,17.0
-34.896142921949696,-8.04430421340432,17.0
-34.8961713353983,-8.044312752664668,17.0
-34.896181037551486,-8.044316572860087,17.0
-34.89621068301955,-8.044330305588717,17.0
-34.89623084193782,-8.044338655087724,17.0
-34.89626997395566,-8.044361616209994,17.0
-34.89628449418492,-8.044369710112091,17.0
-34.89629961942372,-8.044382489957512,17.0
-34.89632986990134,-8.044408049648348,17.0
-34.896358910359844,-8.044439418359831,17.0
-34.896377968160735,-8.04444399296359,17.0
-34.89642561266297,-8.044460766510701,17.0
-34.89644371018708,-8.044464407280618,17.0
-34.89644784676402,-8.04446537101383,17.0
-34.89645323684912,-8.044465510544228,17.0
-34.89647749223208,-8.044460766510701,17.0
-34.89652131596747,-8.044447153197103,17.0
-34.896536783168195,-8.044441197372404,17.0
-34.896572357729866,-8.044429455889425,17.0
-34.89658619228163,-8.044425976931505,17.0
-34.89662571957238,-8.044408582141909,17.0
-34.896645483217746,-8.04439988474711,17.0
-34.89667018777446,-8.044382489957512,17.0
-34.896695932523045,-8.044366010683156,17.0
-34.89671465597655,-8.044351179336235,17.0
-34.89673891135951,-8.04432556155519,17.0
-34.89675277157834,-8.04430421340432,17.0
-34.89689252878491,-8.04430421340432,18.0
-34.89687770605088,-8.044369443865312,18.0
-34.896870294683865,-8.044382489957512,18.0
-34.89686711838372,-8.044404854686993,18.0
-34.89686711838372,-8.04443840178122,18.0
-34.89686288331685,-8.044460766510701,18.0
-34.89688067059769,-8.044471203384461,18.0
-34.89689252878491,-8.044471948875444,18.0
-34.8969179391861,-8.044483131240185,18.0
-34.89694279718727,-8.044494799794698,18.0
-34.896981465189086,-8.044509689356445,18.0
-34.896999252469925,-8.044523387753253,18.0
-34.897019580790875,-8.044539043063892,18.0
-34.8970458674128,-8.044560636595806,18.0
-34.89707040159327,-8.044583772522858,18.0
-34.89708761509085,-8.044602169316466,18.0
-34.89710004706132,-8.044617319617084,18.0
-34.89712598684588,-8.044646673324529,18.0
-34.897159337997444,-8.044684413805532,18.0
-34.896181037551486,-8.045791467914942,18.0
-34.89619065229788,-8.045721653691826,18.0
-34.89619289573871,-8.04571319136175,18.0
-34.89619650475221,-8.045699578048152,18.0
-34.896203988881595,-8.045655115209383,18.0
-34.89621068301955,-8.045634914808561,18.0
-34.89622288997698,-8.045598078783529,18.0
-34.89622372702549,-8.045594211000902,18.0
-34.89624032848761,-8.04555663825537,18.0
-34.896219153153275,-8.045523091161146,18.0
-34.896181037551486,-8.045478361702179,18.0
-34.896131628438056,-8.045443572122984,18.0
-34.89609210114731,-8.045426177333386,18.0
-34.896068900346215,-8.045420505119386,18.0
-34.89602188819664,-8.045416564423345,18.0
-34.89600316474313,-8.045413131241187,18.0
-34.8959908976529,-8.045410881914947,18.0
-34.89592134325129,-8.045406347273245,18.0
-34.89591422833895,-8.045405303585868,18.0
-34.89590883825385,-8.045404829182516,18.0
-34.89582529193477,-8.045400085148989,18.0
-34.89576039239659,-8.045421240974175,18.0
-34.895736355530595,-8.045435665400438,18.0
-34.89570899048316,-8.04545427660889,18.0
-34.89568784476468,-8.045478361702179,18.0
-34.895670223332615,-8.045498432613254,18.0
-34.89564741912642,-8.045543592163172,18.0
-34.89564285828518,-8.045552624073155,18.0
-34.89564186060116,-8.04555663825537,18.0
-34.89563556093919,-8.045567075129128,18.0
-34.89561549323774,-8.045606815533056,18.0
-34.89559082323285,-8.045634914808561,18.0
-34.895576270003076,-8.045650570119198,18.0
-34.89555848272224,-8.04566337900972,18.0
-34.89553975926873,-8.045651394082917,18.0
-34.89549919178612,-8.045634914808561,18.0
-34.895478908044815,-8.045626675171382,18.0
-34.89546954631806,-8.045624477934801,18.0
-34.89546954631806,-8.04481735969746,18.0
-34.895508214319875,-8.04480790600746,18.0
-34.89551981472042,-8.04480790600746,18.0
-34.89555848272224,-8.044801828635318,18.0
-34.89558717188488,-8.044799123224493,18.0
-34.89562106759925,-8.044797065776262,18.0
-34.89564741912642,-8.04479474647098,18.0
-34.895669653227465,-8.044793441861762,18.0
-34.8957172977297,-8.044790646270576,18.0
-34.895736355530595,-8.044789528034102,18.0
-34.89575303110638,-8.044788549577188,18.0
-34.89580861635899,-8.044788549577188,18.0
-34.89582529193477,-8.044787686232851,18.0
-34.89585337711504,-8.044798591634997,18.0
-34.895876383060575,-8.044807181895035,18.0
-34.89591422833895,-8.044822795569209,18.0
-34.89593600868283,-8.044832979508525,18.0
-34.895967590181456,-8.044852149276654,18.0
-34.89598864451388,-8.044864929122074,18.0
-34.89600316474313,-8.044874514006137,18.0
-34.896039465316264,-8.044898476216298,18.0
-34.89607727841328,-8.044930425829845,18.0
-34.89608436754695,-8.044937232486644,18.0
-34.89609210114731,-8.044944657930426,18.0
-34.8961353675061,-8.0449706218977,18.0
-34.896145462989814,-8.04497739176176,18.0
-34.896181037551486,-8.045000874727716,18.0
-34.896186596076745,-8.04500381009846,18.0
-34.896195860285516,-8.045008702383036,18.0
-34.89623130595385,-8.045042735667032,18.0
-34.89626997395566,-8.045073932844028,18.0
-34.896278059083315,-8.045079862885936,18.0
-34.89629220805671,-8.045086978936226,18.0
-34.89633465497688,-8.045108327087096,18.0
-34.896358910359844,-8.045116332643673,18.0
-34.89637731099519,-8.045103174085162,18.0
-34.89639702596163,-8.045086978936226,18.0
-34.89642331258356,-8.045065385404312,18.0
-34.89644784676402,-8.04504224947726,18.0
-34.896460256494834,-8.045019624692783,18.0
-34.896464522339805,-8.045008702383036,18.0
-34.89649231496611,-8.04496956410644,18.0
-34.89649231496611,-8.04496956410644,18.0
-34.896520107592416,-8.044930425829845,18.0
-34.89652725426775,-8.044922039056289,18.0
-34.896536783168195,-8.044910856691548,18.0
-34.89656536986954,-8.044877309597323,18.0
-34.896586809895545,-8.044852149276654,18.0
-34.89660266198611,-8.044831855355458,18.0
-34.89662571957238,-8.044802336924624,18.0
-34.89664153048867,-8.044787788555142,18.0
-34.89665536504044,-8.044773872723464,18.0
-34.89667619699096,-8.044740023403165,18.0
-34.89669489233118,-8.044712990959871,18.0
-34.8967065708489,-8.044695596170273,18.0
-34.89670279778933,-8.044685159296515,18.0
-34.896695932523045,-8.04463379889144,18.0
-34.89668501050849,-8.044617319617084,18.0
-34.89666524686312,-8.044582530037887,18.0
-34.89662571957238,-8.04455469837453,18.0
-34.89661763444472,-8.044546159114182,18.0
-34.896596074104316,-8.044539043063892,18.0
-34.89655372343566,-8.044524133244236,18.0
-34.896536783168195,-8.044523387753253,18.0
-34.89651805971469,-8.044522563789537,18.0
-34.896478339245455,-8.044512205388513,18.0
-34.89644784676402,-8.044511416045118,18.0
-34.89640515729001,-8.04450147031836,18.0
-34.89640239037966,-8.044500774526776,18.0
-34.896358910359844,-8.044491207392499,18.0
-34.89633780680631,-8.044479340608069,18.0
-34.89631740670456,-8.044460766510701,18.0
-34.896295846364154,-8.044437995149773,18.0
-34.89626997395566,-8.044416037051736,18.0
-34.89625021031029,-8.04439988474711,18.0
-34.89622550575358,-8.044382489957512,18.0
-34.896199438186834,-8.044366294808574,18.0
-34.896181037551486,-8.044357771045977,18.0
-34.89613899488769,-8.04434121686583,18.0
-34.896131628438056,-8.044339002983516,18.0
-34.89609210114731,-8.04432556155519,18.0
-34.896068900346215,-8.044324633374718,18.0
-34.89601502293036,-8.044314650278078,18.0
-34.89600316474313,-8.04431399797347,18.0
-34.89599204769261,-8.04431399797347,18.0
-34.89594387380701,-8.04430421340432,18.0
-34.89705261431243,-8.04430421340432,19.0
-34.89705063794789,-8.044321608193918,19.0
-34.897043036545824,-8.044358404864221,19.0
-34.89704075612521,-8.044382489957512,19.0
-34.897043036545824,-8.0444065750508,19.0
-34.897043036545824,-8.044436681417412,19.0
-34.897044991192075,-8.044460766510701,19.0
-34.89705854340604,-8.044471203384461,19.0
-34.89707040159327,-8.044480335648998,19.0
-34.89710597615494,-8.044507732442616,19.0
-34.8971371038964,-8.044539043063892,19.0
-34.89714707090721,-8.04454983982985,19.0
-34.897159337997444,-8.04456513524829,19.0
-34.89546954631806,-8.045676662303595,19.0
-34.895496613919335,-8.045689368062954,19.0
-34.895531801800985,-8.04571319136175,19.0
-34.895546882321696,-8.04572340134695,19.0
-34.89555848272224,-8.04573453951262,19.0
-34.89557569621982,-8.045728341662368,19.0
-34.89559659832403,-8.04571319136175,19.0
-34.895625185025374,-8.045693622223453,19.0
-34.89564741912642,-8.045668461902785,19.0
-34.89566358938172,-8.04564914690914,19.0
-34.895669653227465,-8.045634914808561,19.0
-34.895680770277984,-8.045605561101114,19.0
-34.8956874405083,-8.045591862704306,19.0
-34.89569744585377,-8.04555663825537,19.0
-34.8957109451294,-8.045534273525886,19.0
-34.895736355530595,-8.04550682590334,19.0
-34.895751178264625,-8.045491407794378,19.0
-34.895771930092266,-8.045478361702179,19.0
-34.89580258476775,-8.045458376199237,19.0
-34.89582529193477,-8.045449007994733,19.0
-34.895855784416206,-8.0454515240268,19.0
-34.895887876811784,-8.045455168649383,19.0
-34.89591422833895,-8.045457487954662,19.0
-34.89593455665991,-8.045460469918593,19.0
-34.89600316474313,-8.045478361702179,19.0
-34.89606756696684,-8.045499955234094,19.0
-34.89609210114731,-8.045513151281375,19.0
-34.89611905157282,-8.045532918087737,19.0
-34.89614151026074,-8.04555663825537,19.0
-34.896136569349395,-8.045595776531965,19.0
-34.896136569349395,-8.045595776531965,19.0
-34.89613252678557,-8.045634914808561,19.0
-34.89612915798238,-8.045667530039056,19.0
-34.89612915798238,-8.045680576131256,19.0
-34.896126307456605,-8.04571319136175,19.0
-34.8961238641488,-8.045741147273604,19.0
-34.8961238641488,-8.045763512003088,19.0
-34.896121746615364,-8.045791467914942,19.0
-34.89546954631806,-8.044717960899757,19.0
-34.89550188682867,-8.044724060371433,19.0
-34.89551981472042,-8.044729629454269,19.0
-34.89555848272224,-8.044734734446868,19.0
-34.895600833390894,-8.044732870719411,19.0
-34.89560506845776,-8.044732870719411,19.0
-34.89564741912642,-8.044731176421724,19.0
-34.89568447596149,-8.04472821140077,19.0
-34.89570078096892,-8.04472690679155,19.0
-34.895736355530595,-8.044724060371433,19.0
-34.89576869604121,-8.044724060371433,19.0
-34.89579295142416,-8.044724060371433,19.0
-34.89582529193477,-8.044724060371433,19.0
-34.89586086649644,-8.044742562102188,19.0
-34.89591422833895,-8.044773872723464,19.0
-34.89597420870456,-8.044799358112876,19.0
-34.89600316474313,-8.04481602163672,19.0
-34.89602798420476,-8.04483030465716,19.0
-34.89606245567925,-8.044852149276654,19.0
-34.89607969141649,-8.044863071586402,19.0
-34.89609210114731,-8.044873497427524,19.0
-34.896131628438056,-8.044895636250649,19.0
-34.89615880345044,-8.044910856691548,19.0
-34.896181037551486,-8.044923309779556,19.0
-34.89618611963172,-8.044925952883949,19.0
-34.896195860285516,-8.044930425829845,19.0
-34.896242181329356,-8.044954887252718,19.0
-34.89626997395566,-8.04496956410644,19.0
-34.89629692438117,-8.044984982215402,19.0
-34.89634408762581,-8.045008702383036,19.0
-34.89635206909798,-8.045014723656358,19.0
-34.896358910359844,-8.045018486952184,19.0
-34.89636464819237,-8.045013752483241,19.0
-34.89637002741036,-8.045008702383036,19.0
-34.89641419515163,-8.044979084227775,19.0
-34.89644784676402,-8.044953908795803,19.0
-34.89645810865681,-8.04493945773983,19.0
-34.896464522339805,-8.044930425829845,19.0
-34.89649549126626,-8.044894083144435,19.0
-34.896514549067156,-8.044871718414953,19.0
-34.896531224642935,-8.044852149276654,19.0
-34.8965334892273,-8.044849250145054,19.0
-34.896536783168195,-8.044845033226364,19.0
-34.896569722577155,-8.044802864039461,19.0
-34.89659236842081,-8.044773872723464,19.0
-34.896600309171184,-8.04475150799398,19.0
-34.89662571957238,-8.044695596170273,19.0
-34.89659522709094,-8.044644157292462,19.0
-34.896566428636255,-8.044617319617084,19.0
-34.89655247782776,-8.044603506107697,19.0
-34.896536783168195,-8.044595971466213,19.0
-34.89649612652629,-8.044574826631065,19.0
-34.89648529367104,-8.044572001612604,19.0
-34.89644784676402,-8.04455861220219,19.0
-34.896431300456264,-8.044553606143555,19.0
-34.896376697640676,-8.044539043063892,19.0
-34.89636286308892,-8.044535564105972,19.0
-34.896358910359844,-8.044534694366492,19.0
-34.89634522783612,-8.044527000517247,19.0
-34.89630554851733,-8.044507732442616,19.0
-34.89626997395566,-8.044474998611282,19.0
-34.89626188882801,-8.044467882560992,19.0
-34.896257268755065,-8.044460766510701,19.0
-34.89621783882218,-8.04442837621283,19.0
-34.896181037551486,-8.044402059095809,19.0
-34.89616761318859,-8.044394305286295,19.0
-34.896145462989814,-8.044382489957512,19.0
-34.89610959683338,-8.04436709129131,19.0
-34.89609210114731,-8.044361141806641,19.0
-34.89606669074611,-8.044360125228028,19.0
-34.896024090955876,-8.044364071944996,19.0
-34.89600316474313,-8.044362920819212,19.0
-34.89598093064208,-8.044362920819212,19.0
-34.89592312197937,-8.044374662302191,19.0
-34.89591422833895,-8.044374662302191,19.0
-34.89590434651627,-8.044373792562713,19.0
-34.89582529193477,-8.044382489957512,19.0
-34.89575858963164,-8.044362920819212,19.0
-34.895736355530595,-8.044356397773115,19.0
-34.8956918873285,-8.044343351680915,19.0
-34.8956918873285,-8.044343351680915,19.0
-34.89564741912642,-8.044333567111767,19.0
-34.89562073820517,-8.044327696370278,19.0
-34.89557330545627,-8.044317259496518,19.0
-34.89555848272224,-8.04431399797347,19.0
-34.89551401452015,-8.044343351680915,19.0
-34.89551401452015,-8.044343351680915,19.0
-34.89546954631806,-8.044372705388362,19.0
-34.89591422833895,-8.044695596170273,20.0
-34.895968737747964,-8.044725896771508,20.0
-34.89600316474313,-8.044747780539067,20.0
-34.896019334998435,-8.044759640622884,20.0
-34.89603651589469,-8.044773872723464,20.0
-34.89607040934141,-8.044792964565705,20.0
-34.89609210114731,-8.04480648795396,20.0
-34.89612486719095,-8.044823310546532,20.0
-34.896181037551486,-8.044852149276654,20.0
-34.89623632234327,-8.044881767431916,20.0
-34.89626997395566,-8.044897810599348,20.0
-34.896294010821656,-8.04490927000466,20.0
-34.89633349995865,-8.044930425829845,20.0
-34.896348746199365,-8.044939371721638,20.0
-34.896358910359844,-8.044944657930426,20.0
-34.89636803204232,-8.044938454194275,20.0
-34.89637867400521,-8.044930425829845,20.0
-34.89641747823576,-8.044903697250707,20.0
-34.89644784676402,-8.04488476450715,20.0
-34.89646372826476,-8.04486612723258,20.0
-34.896475639390324,-8.044852149276654,20.0
-34.89650054981835,-8.04482025882906,20.0
-34.896536783168195,-8.044773872723464,20.0
-34.89655550662171,-8.044712075444629,20.0
-34.896562193569395,-8.044695596170273,20.0
-34.8965525940845,-8.044681680338595,20.0
-34.896536783168195,-8.044667131969113,20.0
-34.89650911406468,-8.04464167232252,20.0
-34.896467610409395,-8.044617319617084,20.0
-34.89645575222217,-8.044610361701244,20.0
-34.89644784676402,-8.044607535047934,20.0
-34.896430906496555,-8.044602409797427,20.0
-34.89639053219244,-8.044589487953726,20.0
-34.896358910359844,-8.044580483592052,20.0
-34.896322527285406,-8.044571065290198,20.0
-34.89628479668969,-8.04455208915609,20.0
-34.89626997395566,-8.044546159114182,20.0
-34.8962644154304,-8.044543935348466,20.0
-34.89625885690514,-8.044539043063892,20.0
-34.89621994722831,-8.044504797071871,20.0
-34.89621068301955,-8.044486858695098,20.0
-34.89619374275208,-8.044460766510701,20.0
-34.8961871710966,-8.044455368127723,20.0
-34.896181037551486,-8.044450981941553,20.0
-34.89614869704088,-8.044432302309541,20.0
-34.8961341438111,-8.044423763049194,20.0
-34.89609210114731,-8.044400907970026,20.0
-34.89606364149797,-8.044407538454532,20.0
-34.89603550525374,-8.044410954158671,20.0
-34.89600316474313,-8.044421628234106,20.0
-34.89597082423252,-8.044432302309541,20.0
-34.89591422833895,-8.044460766510701,20.0
-34.89591422833895,-8.044539043063892,20.0
-34.89591422833895,-8.044617319617084,20.0
-34.89591422833895,-8.044695596170273,20.0
-34.89591422833895,-8.044617319617084,20.0
-34.89591422833895,-8.044539043063892,20.0
-34.89591422833895,-8.044460766510701,20.0
-34.89564741912642,-8.045791467914942,20.0
-34.895698239928805,-8.045757920820718,20.0
-34.895706710062534,-8.045739283546148,20.0
-34.89572365033,-8.04571319136175,20.0
-34.89572862193023,-8.045706384704951,20.0
-34.895736355530595,-8.045674053085156,20.0
-34.89574444065825,-8.04564203085885,20.0
-34.89574444065825,-8.045634914808561,20.0
-34.89574408913096,-8.045628108151762,20.0
-34.89575356902818,-8.045571788555987,20.0
-34.89575303110638,-8.04555663825537,20.0
-34.8957867528263,-8.045522718415654,20.0
-34.89582529193477,-8.045496779714695,20.0
-34.89585164346194,-8.045501554754976,20.0
-34.89588373585752,-8.045505199377558,20.0
-34.89591422833895,-8.045511908796405,20.0
-34.895951675245975,-8.045523679706658,20.0
-34.895977754341935,-8.045534273525886,20.0
-34.89600316474313,-8.045543592163172,20.0
-34.89601332890361,-8.045547692363577,20.0
-34.89602857514432,-8.04555663825537,20.0
-34.89602688111758,-8.045577512002888,20.0
-34.896019334998435,-8.04562068270798,20.0
-34.89601798747716,-8.045634914808561,20.0
-34.89601684726685,-8.045646957355205,20.0
-34.89600316474313,-8.04571319136175,20.0
-34.89597351927507,-8.045765375730545,20.0
-34.895958696541044,-8.045791467914942,20.0
-34.895576270003076,-8.04455469837453,20.0
-34.8955881281903,-8.044539043063892,20.0
-34.89561184456475,-8.044507732442616,20.0
-34.89564741912642,-8.044460766510701,20.0
-34.89558987204136,-8.044433139491929,20.0
-34.89555848272224,-8.044421628234106,20.0
-34.8955362486212,-8.044441197372404,20.0
-34.89551401452015,-8.044460766510701,20.0
-34.89552513157067,-8.044490120218148,20.0
-34.8955362486212,-8.044519473925595,20.0
-34.895543659988206,-8.044539043063892,20.0
-34.89554736567172,-8.04454882763304,20.0
-34.89555848272224,-8.04456513524829,20.0
-34.895576270003076,-8.04455469837453,20.0
-34.89546954631806,-8.04572884667239,20.0
-34.89550907360881,-8.045756678335746,20.0
-34.89554577752164,-8.045791467914942,20.0
-34.896481197915584,-8.044773872723464,21.0
-34.896467610409395,-8.044791267513062,21.0
-34.89644784676402,-8.044816569025205,21.0
-34.89642444244713,-8.04483155018371,21.0
-34.89639226151141,-8.044852149276654,21.0
-34.89637259288356,-8.044864191823299,21.0
-34.896358910359844,-8.044873497427524,21.0
-34.89634366411912,-8.044865568114345,21.0
-34.89631444215775,-8.044852149276654,21.0
-34.89628566861522,-8.044838335767269,21.0
-34.89626997395566,-8.044830801125784,21.0
-34.896229317313754,-8.044809656290637,21.0
-34.89621337806209,-8.044802336924624,21.0
-34.896181037551486,-8.044786918815662,21.0
-34.89617167582473,-8.044782112360641,21.0
-34.89615562715029,-8.044773872723464,21.0
-34.896125040556264,-8.044744881407468,21.0
-34.89609210114731,-8.04472494987772,21.0
-34.896074887649725,-8.04471074647089,21.0
-34.896053985545514,-8.044695596170273,21.0
-34.896053985545514,-8.044662049076049,21.0
-34.896053985545514,-8.044650866711308,21.0
-34.896053985545514,-8.044617319617084,21.0
-34.896053985545514,-8.044583772522858,21.0
-34.896053985545514,-8.044572590158117,21.0
-34.896053985545514,-8.044539043063892,21.0
-34.896053985545514,-8.044505495969668,21.0
-34.896053985545514,-8.044494313604925,21.0
-34.896053985545514,-8.044460766510701,21.0
-34.89607969141649,-8.044449844200955,21.0
-34.89609210114731,-8.044446953001316,21.0
-34.89610180330049,-8.044452227250353,21.0
-34.896116356530264,-8.044460766510701,21.0
-34.89612349046643,-8.044488393529475,21.0
-34.89612349046643,-8.044511416045118,21.0
-34.896136569349395,-8.044539043063892,21.0
-34.89614964823237,-8.044566670082665,21.0
-34.896181037551486,-8.044586008995806,21.0
-34.89619882483232,-8.044601664306445,21.0
-34.89626997395566,-8.044617319617084,21.0
-34.896348447253466,-8.04462652862334,21.0
-34.896358910359844,-8.04462601701188,21.0
-34.896375080615144,-8.044631551717663,21.0
-34.89641691236257,-8.04464454624428,21.0
-34.89644784676402,-8.044656457893678,21.0
-34.896473719172505,-8.044672824809345,21.0
-34.896498667566405,-8.044695596170273,21.0
-34.896489699189516,-8.044732432195305,21.0
-34.89648889433518,-8.04473774508353,21.0
-34.896481197915584,-8.044773872723464,21.0
-34.89587865377728,-8.04555663825537,21.0
-34.89586086649644,-8.045587948876646,21.0
-34.89582529193477,-8.045634914808561,21.0
-34.89580912167947,-8.04557087035595,21.0
-34.89580861635899,-8.04555663825537,21.0
-34.89581639829436,-8.045548810600051,21.0
-34.89582529193477,-8.045542824745983,21.0
-34.89583830701831,-8.045545183150026,21.0
-34.89587865377728,-8.04555663825537,21.0
-34.89546954631806,-8.045781031041184,21.0
-34.89547613419985,-8.045785669651742,21.0
-34.89548225151866,-8.045791467914942,21.0
-34.89640337856193,-8.044773872723464,22.0
-34.89637763381335,-8.04479035199782,22.0
-34.896358910359844,-8.044802336924624,22.0
-34.896337984147095,-8.044792290735979,22.0
-34.89629961942372,-8.044773872723464,22.0
-34.89628973760104,-8.044756477933866,22.0
-34.89626997395566,-8.044734734446868,22.0
-34.896251250502154,-8.044712075444629,22.0
-34.89623439939399,-8.044695596170273,22.0
-34.896256798192084,-8.044683999643874,22.0
-34.89626997395566,-8.044682550078075,22.0
-34.89628614421097,-8.044681364069692,22.0
-34.896330825179575,-8.04467087725874,22.0
-34.896358910359844,-8.044669503985876,22.0
-34.896380255096844,-8.044676809797508,22.0
-34.89642561266297,-8.044695596170273,22.0
-34.89641820129596,-8.04472168835467,22.0
-34.89641227220235,-8.044742562102188,22.0
-34.89640337856193,-8.044773872723464,22.0
